id,phase,intel,speaker,cognitive_skills,standard_score
1,posttest,82.77310924,ALSM1,list_sort_c,
1,posttest,82.77310924,ALSM1,flanker_c,86
1,posttest,82.77310924,ALSM1,card_sort_c,107
1,posttest,82.77310924,ALSM1,vocab_c,107
1,posttest,82.77310924,ALSM1,pattern_c,118
1,pretest,78.48101266,ALSM1,list_sort_c,
1,pretest,78.48101266,ALSM1,flanker_c,86
1,pretest,78.48101266,ALSM1,card_sort_c,107
1,pretest,78.48101266,ALSM1,vocab_c,107
1,pretest,78.48101266,ALSM1,pattern_c,118
2,posttest,85.29411765,ALSM1,list_sort_c,108
2,posttest,85.29411765,ALSM1,flanker_c,77
2,posttest,85.29411765,ALSM1,card_sort_c,109
2,posttest,85.29411765,ALSM1,vocab_c,109
2,posttest,85.29411765,ALSM1,pattern_c,109
2,pretest,81.01265823,ALSM1,list_sort_c,108
2,pretest,81.01265823,ALSM1,flanker_c,77
2,pretest,81.01265823,ALSM1,card_sort_c,109
2,pretest,81.01265823,ALSM1,vocab_c,109
2,pretest,81.01265823,ALSM1,pattern_c,109
3,posttest,84.45378151,ALSM1,list_sort_c,103
3,posttest,84.45378151,ALSM1,flanker_c,94
3,posttest,84.45378151,ALSM1,card_sort_c,87
3,posttest,84.45378151,ALSM1,vocab_c,87
3,posttest,84.45378151,ALSM1,pattern_c,71
3,pretest,82.27848101,ALSM1,list_sort_c,103
3,pretest,82.27848101,ALSM1,flanker_c,94
3,pretest,82.27848101,ALSM1,card_sort_c,87
3,pretest,82.27848101,ALSM1,vocab_c,87
3,pretest,82.27848101,ALSM1,pattern_c,71
5,posttest,82.35294118,ALSM1,list_sort_c,112
5,posttest,82.35294118,ALSM1,flanker_c,108
5,posttest,82.35294118,ALSM1,card_sort_c,118
5,posttest,82.35294118,ALSM1,vocab_c,118
5,posttest,82.35294118,ALSM1,pattern_c,129
5,pretest,69.62025316,ALSM1,list_sort_c,112
5,pretest,69.62025316,ALSM1,flanker_c,108
5,pretest,69.62025316,ALSM1,card_sort_c,118
5,pretest,69.62025316,ALSM1,vocab_c,118
5,pretest,69.62025316,ALSM1,pattern_c,129
7,posttest,83.61344538,ALSM1,list_sort_c,124
7,posttest,83.61344538,ALSM1,flanker_c,94
7,posttest,83.61344538,ALSM1,card_sort_c,121
7,posttest,83.61344538,ALSM1,vocab_c,121
7,posttest,83.61344538,ALSM1,pattern_c,93
7,pretest,74.6835443,ALSM1,list_sort_c,124
7,pretest,74.6835443,ALSM1,flanker_c,94
7,pretest,74.6835443,ALSM1,card_sort_c,121
7,pretest,74.6835443,ALSM1,vocab_c,121
7,pretest,74.6835443,ALSM1,pattern_c,93
8,posttest,73.52941176,ALSM1,list_sort_c,102
8,posttest,73.52941176,ALSM1,flanker_c,92
8,posttest,73.52941176,ALSM1,card_sort_c,96
8,posttest,73.52941176,ALSM1,vocab_c,96
8,posttest,73.52941176,ALSM1,pattern_c,136
8,pretest,73.41772152,ALSM1,list_sort_c,102
8,pretest,73.41772152,ALSM1,flanker_c,92
8,pretest,73.41772152,ALSM1,card_sort_c,96
8,pretest,73.41772152,ALSM1,vocab_c,96
8,pretest,73.41772152,ALSM1,pattern_c,136
9,posttest,84.87394958,ALSM1,list_sort_c,91
9,posttest,84.87394958,ALSM1,flanker_c,97
9,posttest,84.87394958,ALSM1,card_sort_c,118
9,posttest,84.87394958,ALSM1,vocab_c,118
9,posttest,84.87394958,ALSM1,pattern_c,130
9,pretest,72.15189873,ALSM1,list_sort_c,91
9,pretest,72.15189873,ALSM1,flanker_c,97
9,pretest,72.15189873,ALSM1,card_sort_c,118
9,pretest,72.15189873,ALSM1,vocab_c,118
9,pretest,72.15189873,ALSM1,pattern_c,130
12,posttest,86.97478992,ALSM1,list_sort_c,96
12,posttest,86.97478992,ALSM1,flanker_c,131
12,posttest,86.97478992,ALSM1,card_sort_c,126
12,posttest,86.97478992,ALSM1,vocab_c,126
12,posttest,86.97478992,ALSM1,pattern_c,146
12,pretest,77.21518987,ALSM1,list_sort_c,96
12,pretest,77.21518987,ALSM1,flanker_c,131
12,pretest,77.21518987,ALSM1,card_sort_c,126
12,pretest,77.21518987,ALSM1,vocab_c,126
12,pretest,77.21518987,ALSM1,pattern_c,146
13,posttest,85.29411765,ALSM1,list_sort_c,97
13,posttest,85.29411765,ALSM1,flanker_c,92
13,posttest,85.29411765,ALSM1,card_sort_c,73
13,posttest,85.29411765,ALSM1,vocab_c,73
13,posttest,85.29411765,ALSM1,pattern_c,113
13,pretest,75.94936709,ALSM1,list_sort_c,97
13,pretest,75.94936709,ALSM1,flanker_c,92
13,pretest,75.94936709,ALSM1,card_sort_c,73
13,pretest,75.94936709,ALSM1,vocab_c,73
13,pretest,75.94936709,ALSM1,pattern_c,113
14,posttest,87.81512605,ALSM1,list_sort_c,96
14,posttest,87.81512605,ALSM1,flanker_c,85
14,posttest,87.81512605,ALSM1,card_sort_c,112
14,posttest,87.81512605,ALSM1,vocab_c,112
14,posttest,87.81512605,ALSM1,pattern_c,112
14,pretest,82.27848101,ALSM1,list_sort_c,96
14,pretest,82.27848101,ALSM1,flanker_c,85
14,pretest,82.27848101,ALSM1,card_sort_c,112
14,pretest,82.27848101,ALSM1,vocab_c,112
14,pretest,82.27848101,ALSM1,pattern_c,112
16,posttest,86.97478992,ALSM1,list_sort_c,123
16,posttest,86.97478992,ALSM1,flanker_c,92
16,posttest,86.97478992,ALSM1,card_sort_c,101
16,posttest,86.97478992,ALSM1,vocab_c,101
16,posttest,86.97478992,ALSM1,pattern_c,135
16,pretest,86.07594937,ALSM1,list_sort_c,123
16,pretest,86.07594937,ALSM1,flanker_c,92
16,pretest,86.07594937,ALSM1,card_sort_c,101
16,pretest,86.07594937,ALSM1,vocab_c,101
16,pretest,86.07594937,ALSM1,pattern_c,135
17,posttest,85.71428571,ALSM1,list_sort_c,102
17,posttest,85.71428571,ALSM1,flanker_c,86
17,posttest,85.71428571,ALSM1,card_sort_c,118
17,posttest,85.71428571,ALSM1,vocab_c,118
17,posttest,85.71428571,ALSM1,pattern_c,130
17,pretest,78.48101266,ALSM1,list_sort_c,102
17,pretest,78.48101266,ALSM1,flanker_c,86
17,pretest,78.48101266,ALSM1,card_sort_c,118
17,pretest,78.48101266,ALSM1,vocab_c,118
17,pretest,78.48101266,ALSM1,pattern_c,130
18,posttest,82.77310924,ALSM1,list_sort_c,128
18,posttest,82.77310924,ALSM1,flanker_c,80
18,posttest,82.77310924,ALSM1,card_sort_c,89
18,posttest,82.77310924,ALSM1,vocab_c,89
18,posttest,82.77310924,ALSM1,pattern_c,54
18,pretest,83.5443038,ALSM1,list_sort_c,128
18,pretest,83.5443038,ALSM1,flanker_c,80
18,pretest,83.5443038,ALSM1,card_sort_c,89
18,pretest,83.5443038,ALSM1,vocab_c,89
18,pretest,83.5443038,ALSM1,pattern_c,54
19,posttest,84.03361345,ALSM1,list_sort_c,112
19,posttest,84.03361345,ALSM1,flanker_c,73
19,posttest,84.03361345,ALSM1,card_sort_c,101
19,posttest,84.03361345,ALSM1,vocab_c,101
19,posttest,84.03361345,ALSM1,pattern_c,72
19,pretest,70.88607595,ALSM1,list_sort_c,112
19,pretest,70.88607595,ALSM1,flanker_c,73
19,pretest,70.88607595,ALSM1,card_sort_c,101
19,pretest,70.88607595,ALSM1,vocab_c,101
19,pretest,70.88607595,ALSM1,pattern_c,72
41,posttest,37.0212766,AM1,list_sort_c,96
41,posttest,37.0212766,AM1,flanker_c,97
41,posttest,37.0212766,AM1,card_sort_c,107
41,posttest,37.0212766,AM1,vocab_c,85
41,posttest,37.0212766,AM1,pattern_c,101
41,pretest,27.84810127,AM1,list_sort_c,96
41,pretest,27.84810127,AM1,flanker_c,97
41,pretest,27.84810127,AM1,card_sort_c,107
41,pretest,27.84810127,AM1,vocab_c,85
41,pretest,27.84810127,AM1,pattern_c,101
42,posttest,36.17021277,AM1,list_sort_c,102
42,posttest,36.17021277,AM1,flanker_c,91
42,posttest,36.17021277,AM1,card_sort_c,117
42,posttest,36.17021277,AM1,vocab_c,86
42,posttest,36.17021277,AM1,pattern_c,101
42,pretest,21.51898734,AM1,list_sort_c,102
42,pretest,21.51898734,AM1,flanker_c,91
42,pretest,21.51898734,AM1,card_sort_c,117
42,pretest,21.51898734,AM1,vocab_c,86
42,pretest,21.51898734,AM1,pattern_c,101
44,posttest,47.23404255,AM1,list_sort_c,107
44,posttest,47.23404255,AM1,flanker_c,108
44,posttest,47.23404255,AM1,card_sort_c,107
44,posttest,47.23404255,AM1,vocab_c,114
44,posttest,47.23404255,AM1,pattern_c,135
44,pretest,34.17721519,AM1,list_sort_c,107
44,pretest,34.17721519,AM1,flanker_c,108
44,pretest,34.17721519,AM1,card_sort_c,107
44,pretest,34.17721519,AM1,vocab_c,114
44,pretest,34.17721519,AM1,pattern_c,135
45,posttest,42.12765957,AM1,list_sort_c,112
45,posttest,42.12765957,AM1,flanker_c,91
45,posttest,42.12765957,AM1,card_sort_c,95
45,posttest,42.12765957,AM1,vocab_c,108
45,posttest,42.12765957,AM1,pattern_c,129
45,pretest,30.37974684,AM1,list_sort_c,112
45,pretest,30.37974684,AM1,flanker_c,91
45,pretest,30.37974684,AM1,card_sort_c,95
45,pretest,30.37974684,AM1,vocab_c,108
45,pretest,30.37974684,AM1,pattern_c,129
47,posttest,43.40425532,AM1,list_sort_c,106
47,posttest,43.40425532,AM1,flanker_c,90
47,posttest,43.40425532,AM1,card_sort_c,102
47,posttest,43.40425532,AM1,vocab_c,103
47,posttest,43.40425532,AM1,pattern_c,121
47,pretest,24.05063291,AM1,list_sort_c,106
47,pretest,24.05063291,AM1,flanker_c,90
47,pretest,24.05063291,AM1,card_sort_c,102
47,pretest,24.05063291,AM1,vocab_c,103
47,pretest,24.05063291,AM1,pattern_c,121
48,posttest,59.57446809,AM1,list_sort_c,91
48,posttest,59.57446809,AM1,flanker_c,86
48,posttest,59.57446809,AM1,card_sort_c,107
48,posttest,59.57446809,AM1,vocab_c,103
48,posttest,59.57446809,AM1,pattern_c,96
48,pretest,48.10126582,AM1,list_sort_c,91
48,pretest,48.10126582,AM1,flanker_c,86
48,pretest,48.10126582,AM1,card_sort_c,107
48,pretest,48.10126582,AM1,vocab_c,103
48,pretest,48.10126582,AM1,pattern_c,96
49,posttest,48.08510638,AM1,list_sort_c,102
49,posttest,48.08510638,AM1,flanker_c,103
49,posttest,48.08510638,AM1,card_sort_c,107
49,posttest,48.08510638,AM1,vocab_c,102
49,posttest,48.08510638,AM1,pattern_c,130
49,pretest,27.84810127,AM1,list_sort_c,102
49,pretest,27.84810127,AM1,flanker_c,103
49,pretest,27.84810127,AM1,card_sort_c,107
49,pretest,27.84810127,AM1,vocab_c,102
49,pretest,27.84810127,AM1,pattern_c,130
50,posttest,47.23404255,AM1,list_sort_c,116
50,posttest,47.23404255,AM1,flanker_c,113
50,posttest,47.23404255,AM1,card_sort_c,107
50,posttest,47.23404255,AM1,vocab_c,138
50,posttest,47.23404255,AM1,pattern_c,114
50,pretest,40.50632911,AM1,list_sort_c,116
50,pretest,40.50632911,AM1,flanker_c,113
50,pretest,40.50632911,AM1,card_sort_c,107
50,pretest,40.50632911,AM1,vocab_c,138
50,pretest,40.50632911,AM1,pattern_c,114
51,posttest,52.34042553,AM1,list_sort_c,113
51,posttest,52.34042553,AM1,flanker_c,114
51,posttest,52.34042553,AM1,card_sort_c,91
51,posttest,52.34042553,AM1,vocab_c,118
51,posttest,52.34042553,AM1,pattern_c,125
51,pretest,37.97468354,AM1,list_sort_c,113
51,pretest,37.97468354,AM1,flanker_c,114
51,pretest,37.97468354,AM1,card_sort_c,91
51,pretest,37.97468354,AM1,vocab_c,118
51,pretest,37.97468354,AM1,pattern_c,125
53,posttest,52.76595745,AM1,list_sort_c,107
53,posttest,52.76595745,AM1,flanker_c,91
53,posttest,52.76595745,AM1,card_sort_c,95
53,posttest,52.76595745,AM1,vocab_c,97
53,posttest,52.76595745,AM1,pattern_c,112
53,pretest,35.44303797,AM1,list_sort_c,107
53,pretest,35.44303797,AM1,flanker_c,91
53,pretest,35.44303797,AM1,card_sort_c,95
53,pretest,35.44303797,AM1,vocab_c,97
53,pretest,35.44303797,AM1,pattern_c,112
55,posttest,54.04255319,AM1,list_sort_c,123
55,posttest,54.04255319,AM1,flanker_c,96
55,posttest,54.04255319,AM1,card_sort_c,106
55,posttest,54.04255319,AM1,vocab_c,115
55,posttest,54.04255319,AM1,pattern_c,90
55,pretest,41.7721519,AM1,list_sort_c,123
55,pretest,41.7721519,AM1,flanker_c,96
55,pretest,41.7721519,AM1,card_sort_c,106
55,pretest,41.7721519,AM1,vocab_c,115
55,pretest,41.7721519,AM1,pattern_c,90
56,posttest,42.12765957,AM1,list_sort_c,96
56,posttest,42.12765957,AM1,flanker_c,91
56,posttest,42.12765957,AM1,card_sort_c,124
56,posttest,42.12765957,AM1,vocab_c,108
56,posttest,42.12765957,AM1,pattern_c,135
56,pretest,24.05063291,AM1,list_sort_c,96
56,pretest,24.05063291,AM1,flanker_c,91
56,pretest,24.05063291,AM1,card_sort_c,124
56,pretest,24.05063291,AM1,vocab_c,108
56,pretest,24.05063291,AM1,pattern_c,135
57,posttest,56.59574468,AM1,list_sort_c,92
57,posttest,56.59574468,AM1,flanker_c,109
57,posttest,56.59574468,AM1,card_sort_c,125
57,posttest,56.59574468,AM1,vocab_c,118
57,posttest,56.59574468,AM1,pattern_c,137
57,pretest,37.97468354,AM1,list_sort_c,92
57,pretest,37.97468354,AM1,flanker_c,109
57,pretest,37.97468354,AM1,card_sort_c,125
57,pretest,37.97468354,AM1,vocab_c,118
57,pretest,37.97468354,AM1,pattern_c,137
58,posttest,54.89361702,AM1,list_sort_c,81
58,posttest,54.89361702,AM1,flanker_c,114
58,posttest,54.89361702,AM1,card_sort_c,131
58,posttest,54.89361702,AM1,vocab_c,95
58,posttest,54.89361702,AM1,pattern_c,80
58,pretest,27.84810127,AM1,list_sort_c,81
58,pretest,27.84810127,AM1,flanker_c,114
58,pretest,27.84810127,AM1,card_sort_c,131
58,pretest,27.84810127,AM1,vocab_c,95
58,pretest,27.84810127,AM1,pattern_c,80
59,posttest,54.04255319,AM1,list_sort_c,108
59,posttest,54.04255319,AM1,flanker_c,100
59,posttest,54.04255319,AM1,card_sort_c,93
59,posttest,54.04255319,AM1,vocab_c,121
59,posttest,54.04255319,AM1,pattern_c,122
59,pretest,41.7721519,AM1,list_sort_c,108
59,pretest,41.7721519,AM1,flanker_c,100
59,pretest,41.7721519,AM1,card_sort_c,93
59,pretest,41.7721519,AM1,vocab_c,121
59,pretest,41.7721519,AM1,pattern_c,122
60,posttest,51.91489362,AM1,list_sort_c,112
60,posttest,51.91489362,AM1,flanker_c,81
60,posttest,51.91489362,AM1,card_sort_c,118
60,posttest,51.91489362,AM1,vocab_c,108
60,posttest,51.91489362,AM1,pattern_c,135
60,pretest,40.50632911,AM1,list_sort_c,112
60,pretest,40.50632911,AM1,flanker_c,81
60,pretest,40.50632911,AM1,card_sort_c,118
60,pretest,40.50632911,AM1,vocab_c,108
60,pretest,40.50632911,AM1,pattern_c,135
61,posttest,64.28571429,PDM10,list_sort_c,
61,posttest,64.28571429,PDM10,flanker_c,
61,posttest,64.28571429,PDM10,card_sort_c,
61,posttest,64.28571429,PDM10,vocab_c,
61,posttest,64.28571429,PDM10,pattern_c,
61,pretest,54.43037975,PDM10,list_sort_c,
61,pretest,54.43037975,PDM10,flanker_c,
61,pretest,54.43037975,PDM10,card_sort_c,
61,pretest,54.43037975,PDM10,vocab_c,
61,pretest,54.43037975,PDM10,pattern_c,
62,posttest,58.82352941,PDM10,list_sort_c,96
62,posttest,58.82352941,PDM10,flanker_c,113
62,posttest,58.82352941,PDM10,card_sort_c,117
62,posttest,58.82352941,PDM10,vocab_c,103
62,posttest,58.82352941,PDM10,pattern_c,134
62,pretest,44.30379747,PDM10,list_sort_c,96
62,pretest,44.30379747,PDM10,flanker_c,113
62,pretest,44.30379747,PDM10,card_sort_c,117
62,pretest,44.30379747,PDM10,vocab_c,103
62,pretest,44.30379747,PDM10,pattern_c,134
63,posttest,58.82352941,PDM10,list_sort_c,117
63,posttest,58.82352941,PDM10,flanker_c,64
63,posttest,58.82352941,PDM10,card_sort_c,95
63,posttest,58.82352941,PDM10,vocab_c,103
63,posttest,58.82352941,PDM10,pattern_c,84
63,pretest,53.16455696,PDM10,list_sort_c,117
63,pretest,53.16455696,PDM10,flanker_c,64
63,pretest,53.16455696,PDM10,card_sort_c,95
63,pretest,53.16455696,PDM10,vocab_c,103
63,pretest,53.16455696,PDM10,pattern_c,84
65,posttest,73.52941176,PDM10,list_sort_c,116
65,posttest,73.52941176,PDM10,flanker_c,92
65,posttest,73.52941176,PDM10,card_sort_c,115
65,posttest,73.52941176,PDM10,vocab_c,123
65,posttest,73.52941176,PDM10,pattern_c,138
65,pretest,59.49367089,PDM10,list_sort_c,116
65,pretest,59.49367089,PDM10,flanker_c,92
65,pretest,59.49367089,PDM10,card_sort_c,115
65,pretest,59.49367089,PDM10,vocab_c,123
65,pretest,59.49367089,PDM10,pattern_c,138
66,posttest,63.86554622,PDM10,list_sort_c,112
66,posttest,63.86554622,PDM10,flanker_c,70
66,posttest,63.86554622,PDM10,card_sort_c,90
66,posttest,63.86554622,PDM10,vocab_c,108
66,posttest,63.86554622,PDM10,pattern_c,69
66,pretest,55.69620253,PDM10,list_sort_c,112
66,pretest,55.69620253,PDM10,flanker_c,70
66,pretest,55.69620253,PDM10,card_sort_c,90
66,pretest,55.69620253,PDM10,vocab_c,108
66,pretest,55.69620253,PDM10,pattern_c,69
67,posttest,42.43697479,PDM10,list_sort_c,91
67,posttest,42.43697479,PDM10,flanker_c,97
67,posttest,42.43697479,PDM10,card_sort_c,107
67,posttest,42.43697479,PDM10,vocab_c,97
67,posttest,42.43697479,PDM10,pattern_c,118
67,pretest,48.10126582,PDM10,list_sort_c,91
67,pretest,48.10126582,PDM10,flanker_c,97
67,pretest,48.10126582,PDM10,card_sort_c,107
67,pretest,48.10126582,PDM10,vocab_c,97
67,pretest,48.10126582,PDM10,pattern_c,118
68,posttest,60.50420168,PDM10,list_sort_c,112
68,posttest,60.50420168,PDM10,flanker_c,129
68,posttest,60.50420168,PDM10,card_sort_c,117
68,posttest,60.50420168,PDM10,vocab_c,133
68,posttest,60.50420168,PDM10,pattern_c,123
68,pretest,54.43037975,PDM10,list_sort_c,112
68,pretest,54.43037975,PDM10,flanker_c,129
68,pretest,54.43037975,PDM10,card_sort_c,117
68,pretest,54.43037975,PDM10,vocab_c,133
68,pretest,54.43037975,PDM10,pattern_c,123
69,posttest,51.2605042,PDM10,list_sort_c,97
69,posttest,51.2605042,PDM10,flanker_c,94
69,posttest,51.2605042,PDM10,card_sort_c,115
69,posttest,51.2605042,PDM10,vocab_c,122
69,posttest,51.2605042,PDM10,pattern_c,138
69,pretest,37.97468354,PDM10,list_sort_c,97
69,pretest,37.97468354,PDM10,flanker_c,94
69,pretest,37.97468354,PDM10,card_sort_c,115
69,pretest,37.97468354,PDM10,vocab_c,122
69,pretest,37.97468354,PDM10,pattern_c,138
70,posttest,69.32773109,PDM10,list_sort_c,102
70,posttest,69.32773109,PDM10,flanker_c,86
70,posttest,69.32773109,PDM10,card_sort_c,107
70,posttest,69.32773109,PDM10,vocab_c,126
70,posttest,69.32773109,PDM10,pattern_c,129
70,pretest,65.82278481,PDM10,list_sort_c,102
70,pretest,65.82278481,PDM10,flanker_c,86
70,pretest,65.82278481,PDM10,card_sort_c,107
70,pretest,65.82278481,PDM10,vocab_c,126
70,pretest,65.82278481,PDM10,pattern_c,129
71,posttest,61.76470588,PDM10,list_sort_c,86
71,posttest,61.76470588,PDM10,flanker_c,108
71,posttest,61.76470588,PDM10,card_sort_c,124
71,posttest,61.76470588,PDM10,vocab_c,103
71,posttest,61.76470588,PDM10,pattern_c,107
71,pretest,54.43037975,PDM10,list_sort_c,86
71,pretest,54.43037975,PDM10,flanker_c,108
71,pretest,54.43037975,PDM10,card_sort_c,124
71,pretest,54.43037975,PDM10,vocab_c,103
71,pretest,54.43037975,PDM10,pattern_c,107
72,posttest,57.98319328,PDM10,list_sort_c,107
72,posttest,57.98319328,PDM10,flanker_c,97
72,posttest,57.98319328,PDM10,card_sort_c,107
72,posttest,57.98319328,PDM10,vocab_c,119
72,posttest,57.98319328,PDM10,pattern_c,119
72,pretest,49.36708861,PDM10,list_sort_c,107
72,pretest,49.36708861,PDM10,flanker_c,97
72,pretest,49.36708861,PDM10,card_sort_c,107
72,pretest,49.36708861,PDM10,vocab_c,119
72,pretest,49.36708861,PDM10,pattern_c,119
73,posttest,55.88235294,PDM10,list_sort_c,107
73,posttest,55.88235294,PDM10,flanker_c,108
73,posttest,55.88235294,PDM10,card_sort_c,124
73,posttest,55.88235294,PDM10,vocab_c,114
73,posttest,55.88235294,PDM10,pattern_c,96
73,pretest,48.10126582,PDM10,list_sort_c,107
73,pretest,48.10126582,PDM10,flanker_c,108
73,pretest,48.10126582,PDM10,card_sort_c,124
73,pretest,48.10126582,PDM10,vocab_c,114
73,pretest,48.10126582,PDM10,pattern_c,96
74,posttest,53.78151261,PDM10,list_sort_c,112
74,posttest,53.78151261,PDM10,flanker_c,108
74,posttest,53.78151261,PDM10,card_sort_c,118
74,posttest,53.78151261,PDM10,vocab_c,103
74,posttest,53.78151261,PDM10,pattern_c,96
74,pretest,58.2278481,PDM10,list_sort_c,112
74,pretest,58.2278481,PDM10,flanker_c,108
74,pretest,58.2278481,PDM10,card_sort_c,118
74,pretest,58.2278481,PDM10,vocab_c,103
74,pretest,58.2278481,PDM10,pattern_c,96
75,posttest,67.64705882,PDM10,list_sort_c,107
75,posttest,67.64705882,PDM10,flanker_c,86
75,posttest,67.64705882,PDM10,card_sort_c,96
75,posttest,67.64705882,PDM10,vocab_c,108
75,posttest,67.64705882,PDM10,pattern_c,135
75,pretest,60.75949367,PDM10,list_sort_c,107
75,pretest,60.75949367,PDM10,flanker_c,86
75,pretest,60.75949367,PDM10,card_sort_c,96
75,pretest,60.75949367,PDM10,vocab_c,108
75,pretest,60.75949367,PDM10,pattern_c,135
76,posttest,46.21848739,PDM10,list_sort_c,86
76,posttest,46.21848739,PDM10,flanker_c,59
76,posttest,46.21848739,PDM10,card_sort_c,84
76,posttest,46.21848739,PDM10,vocab_c,108
76,posttest,46.21848739,PDM10,pattern_c,91
76,pretest,41.7721519,PDM10,list_sort_c,86
76,pretest,41.7721519,PDM10,flanker_c,59
76,pretest,41.7721519,PDM10,card_sort_c,84
76,pretest,41.7721519,PDM10,vocab_c,108
76,pretest,41.7721519,PDM10,pattern_c,91
78,posttest,54.62184874,PDM10,list_sort_c,96
78,posttest,54.62184874,PDM10,flanker_c,75
78,posttest,54.62184874,PDM10,card_sort_c,95
78,posttest,54.62184874,PDM10,vocab_c,114
78,posttest,54.62184874,PDM10,pattern_c,79
78,pretest,49.36708861,PDM10,list_sort_c,96
78,pretest,49.36708861,PDM10,flanker_c,75
78,pretest,49.36708861,PDM10,card_sort_c,95
78,pretest,49.36708861,PDM10,vocab_c,114
78,pretest,49.36708861,PDM10,pattern_c,79
79,posttest,44.95798319,PDM10,list_sort_c,102
79,posttest,44.95798319,PDM10,flanker_c,75
79,posttest,44.95798319,PDM10,card_sort_c,100
79,posttest,44.95798319,PDM10,vocab_c,103
79,posttest,44.95798319,PDM10,pattern_c,101
79,pretest,44.30379747,PDM10,list_sort_c,102
79,pretest,44.30379747,PDM10,flanker_c,75
79,pretest,44.30379747,PDM10,card_sort_c,100
79,pretest,44.30379747,PDM10,vocab_c,103
79,pretest,44.30379747,PDM10,pattern_c,101
80,posttest,38.65546218,PDM10,list_sort_c,102
80,posttest,38.65546218,PDM10,flanker_c,85
80,posttest,38.65546218,PDM10,card_sort_c,89
80,posttest,38.65546218,PDM10,vocab_c,109
80,posttest,38.65546218,PDM10,pattern_c,101
80,pretest,50.63291139,PDM10,list_sort_c,102
80,pretest,50.63291139,PDM10,flanker_c,85
80,pretest,50.63291139,PDM10,card_sort_c,89
80,pretest,50.63291139,PDM10,vocab_c,109
80,pretest,50.63291139,PDM10,pattern_c,101
81,posttest,47.65957447,AM1,list_sort_c,96
81,posttest,47.65957447,AM1,flanker_c,80
81,posttest,47.65957447,AM1,card_sort_c,78
81,posttest,47.65957447,AM1,vocab_c,103
81,posttest,47.65957447,AM1,pattern_c,85
81,pretest,37.97468354,AM1,list_sort_c,96
81,pretest,37.97468354,AM1,flanker_c,80
81,pretest,37.97468354,AM1,card_sort_c,78
81,pretest,37.97468354,AM1,vocab_c,103
81,pretest,37.97468354,AM1,pattern_c,85
82,posttest,37.0212766,AM1,list_sort_c,97
82,posttest,37.0212766,AM1,flanker_c,103
82,posttest,37.0212766,AM1,card_sort_c,124
82,posttest,37.0212766,AM1,vocab_c,96
82,posttest,37.0212766,AM1,pattern_c,135
82,pretest,35.44303797,AM1,list_sort_c,97
82,pretest,35.44303797,AM1,flanker_c,103
82,pretest,35.44303797,AM1,card_sort_c,124
82,pretest,35.44303797,AM1,vocab_c,96
82,pretest,35.44303797,AM1,pattern_c,135
83,posttest,41.27659574,AM1,list_sort_c,96
83,posttest,41.27659574,AM1,flanker_c,91
83,posttest,41.27659574,AM1,card_sort_c,84
83,posttest,41.27659574,AM1,vocab_c,108
83,posttest,41.27659574,AM1,pattern_c,118
83,pretest,26.58227848,AM1,list_sort_c,96
83,pretest,26.58227848,AM1,flanker_c,91
83,pretest,26.58227848,AM1,card_sort_c,84
83,pretest,26.58227848,AM1,vocab_c,108
83,pretest,26.58227848,AM1,pattern_c,118
84,posttest,40.42553191,AM1,list_sort_c,91
84,posttest,40.42553191,AM1,flanker_c,86
84,posttest,40.42553191,AM1,card_sort_c,130
84,posttest,40.42553191,AM1,vocab_c,96
84,posttest,40.42553191,AM1,pattern_c,124
84,pretest,31.64556962,AM1,list_sort_c,91
84,pretest,31.64556962,AM1,flanker_c,86
84,pretest,31.64556962,AM1,card_sort_c,130
84,pretest,31.64556962,AM1,vocab_c,96
84,pretest,31.64556962,AM1,pattern_c,124
85,posttest,46.80851064,AM1,list_sort_c,102
85,posttest,46.80851064,AM1,flanker_c,70
85,posttest,46.80851064,AM1,card_sort_c,107
85,posttest,46.80851064,AM1,vocab_c,90
85,posttest,46.80851064,AM1,pattern_c,124
85,pretest,34.17721519,AM1,list_sort_c,102
85,pretest,34.17721519,AM1,flanker_c,70
85,pretest,34.17721519,AM1,card_sort_c,107
85,pretest,34.17721519,AM1,vocab_c,90
85,pretest,34.17721519,AM1,pattern_c,124
87,posttest,42.9787234,AM1,list_sort_c,97
87,posttest,42.9787234,AM1,flanker_c,86
87,posttest,42.9787234,AM1,card_sort_c,90
87,posttest,42.9787234,AM1,vocab_c,90
87,posttest,42.9787234,AM1,pattern_c,119
87,pretest,26.58227848,AM1,list_sort_c,97
87,pretest,26.58227848,AM1,flanker_c,86
87,pretest,26.58227848,AM1,card_sort_c,90
87,pretest,26.58227848,AM1,vocab_c,90
87,pretest,26.58227848,AM1,pattern_c,119
88,posttest,51.4893617,AM1,list_sort_c,118
88,posttest,51.4893617,AM1,flanker_c,76
88,posttest,51.4893617,AM1,card_sort_c,96
88,posttest,51.4893617,AM1,vocab_c,124
88,posttest,51.4893617,AM1,pattern_c,97
88,pretest,39.24050633,AM1,list_sort_c,118
88,pretest,39.24050633,AM1,flanker_c,76
88,pretest,39.24050633,AM1,card_sort_c,96
88,pretest,39.24050633,AM1,vocab_c,124
88,pretest,39.24050633,AM1,pattern_c,97
93,posttest,40,AM1,list_sort_c,91
93,posttest,40,AM1,flanker_c,97
93,posttest,40,AM1,card_sort_c,130
93,posttest,40,AM1,vocab_c,96
93,posttest,40,AM1,pattern_c,119
93,pretest,27.84810127,AM1,list_sort_c,91
93,pretest,27.84810127,AM1,flanker_c,97
93,pretest,27.84810127,AM1,card_sort_c,130
93,pretest,27.84810127,AM1,vocab_c,96
93,pretest,27.84810127,AM1,pattern_c,119
101,posttest,56.59574468,AM1,list_sort_c,109
101,posttest,56.59574468,AM1,flanker_c,107
101,posttest,56.59574468,AM1,card_sort_c,112
101,posttest,56.59574468,AM1,vocab_c,120
101,posttest,56.59574468,AM1,pattern_c,124
101,pretest,44.30379747,AM1,list_sort_c,109
101,pretest,44.30379747,AM1,flanker_c,107
101,pretest,44.30379747,AM1,card_sort_c,112
101,pretest,44.30379747,AM1,vocab_c,120
101,pretest,44.30379747,AM1,pattern_c,124
102,posttest,51.06382979,AM1,list_sort_c,97
102,posttest,51.06382979,AM1,flanker_c,87
102,posttest,51.06382979,AM1,card_sort_c,91
102,posttest,51.06382979,AM1,vocab_c,100
102,posttest,51.06382979,AM1,pattern_c,97
102,pretest,41.7721519,AM1,list_sort_c,97
102,pretest,41.7721519,AM1,flanker_c,87
102,pretest,41.7721519,AM1,card_sort_c,91
102,pretest,41.7721519,AM1,vocab_c,100
102,pretest,41.7721519,AM1,pattern_c,97
103,posttest,48.08510638,AM1,list_sort_c,92
103,posttest,48.08510638,AM1,flanker_c,77
103,posttest,48.08510638,AM1,card_sort_c,97
103,posttest,48.08510638,AM1,vocab_c,105
103,posttest,48.08510638,AM1,pattern_c,126
103,pretest,24.05063291,AM1,list_sort_c,92
103,pretest,24.05063291,AM1,flanker_c,77
103,pretest,24.05063291,AM1,card_sort_c,97
103,pretest,24.05063291,AM1,vocab_c,105
103,pretest,24.05063291,AM1,pattern_c,126
104,posttest,55.74468085,AM1,list_sort_c,108
104,posttest,55.74468085,AM1,flanker_c,99
104,posttest,55.74468085,AM1,card_sort_c,115
104,posttest,55.74468085,AM1,vocab_c,94
104,posttest,55.74468085,AM1,pattern_c,137
104,pretest,41.7721519,AM1,list_sort_c,108
104,pretest,41.7721519,AM1,flanker_c,99
104,pretest,41.7721519,AM1,card_sort_c,115
104,pretest,41.7721519,AM1,vocab_c,94
104,pretest,41.7721519,AM1,pattern_c,137
105,posttest,51.91489362,AM1,list_sort_c,108
105,posttest,51.91489362,AM1,flanker_c,88
105,posttest,51.91489362,AM1,card_sort_c,103
105,posttest,51.91489362,AM1,vocab_c,111
105,posttest,51.91489362,AM1,pattern_c,120
105,pretest,35.44303797,AM1,list_sort_c,108
105,pretest,35.44303797,AM1,flanker_c,88
105,pretest,35.44303797,AM1,card_sort_c,103
105,pretest,35.44303797,AM1,vocab_c,111
105,pretest,35.44303797,AM1,pattern_c,120
106,posttest,43.40425532,AM1,list_sort_c,109
106,posttest,43.40425532,AM1,flanker_c,73
106,posttest,43.40425532,AM1,card_sort_c,100
106,posttest,43.40425532,AM1,vocab_c,120
106,posttest,43.40425532,AM1,pattern_c,94
106,pretest,21.51898734,AM1,list_sort_c,109
106,pretest,21.51898734,AM1,flanker_c,73
106,pretest,21.51898734,AM1,card_sort_c,100
106,pretest,21.51898734,AM1,vocab_c,120
106,pretest,21.51898734,AM1,pattern_c,94
107,posttest,50.63829787,AM1,list_sort_c,113
107,posttest,50.63829787,AM1,flanker_c,104
107,posttest,50.63829787,AM1,card_sort_c,120
107,posttest,50.63829787,AM1,vocab_c,117
107,posttest,50.63829787,AM1,pattern_c,120
107,pretest,41.7721519,AM1,list_sort_c,113
107,pretest,41.7721519,AM1,flanker_c,104
107,pretest,41.7721519,AM1,card_sort_c,120
107,pretest,41.7721519,AM1,vocab_c,117
107,pretest,41.7721519,AM1,pattern_c,120
108,posttest,54.46808511,AM1,list_sort_c,112
108,posttest,54.46808511,AM1,flanker_c,103
108,posttest,54.46808511,AM1,card_sort_c,113
108,posttest,54.46808511,AM1,vocab_c,125
108,posttest,54.46808511,AM1,pattern_c,119
108,pretest,35.44303797,AM1,list_sort_c,112
108,pretest,35.44303797,AM1,flanker_c,103
108,pretest,35.44303797,AM1,card_sort_c,113
108,pretest,35.44303797,AM1,vocab_c,125
108,pretest,35.44303797,AM1,pattern_c,119
109,posttest,57.44680851,AM1,list_sort_c,96
109,posttest,57.44680851,AM1,flanker_c,85
109,posttest,57.44680851,AM1,card_sort_c,100
109,posttest,57.44680851,AM1,vocab_c,98
109,posttest,57.44680851,AM1,pattern_c,95
109,pretest,37.97468354,AM1,list_sort_c,96
109,pretest,37.97468354,AM1,flanker_c,85
109,pretest,37.97468354,AM1,card_sort_c,100
109,pretest,37.97468354,AM1,vocab_c,98
109,pretest,37.97468354,AM1,pattern_c,95
110,posttest,61.27659574,AM1,list_sort_c,86
110,posttest,61.27659574,AM1,flanker_c,119
110,posttest,61.27659574,AM1,card_sort_c,124
110,posttest,61.27659574,AM1,vocab_c,126
110,posttest,61.27659574,AM1,pattern_c,129
110,pretest,35.44303797,AM1,list_sort_c,86
110,pretest,35.44303797,AM1,flanker_c,119
110,pretest,35.44303797,AM1,card_sort_c,124
110,pretest,35.44303797,AM1,vocab_c,126
110,pretest,35.44303797,AM1,pattern_c,129
111,posttest,55.74468085,AM1,list_sort_c,123
111,posttest,55.74468085,AM1,flanker_c,80
111,posttest,55.74468085,AM1,card_sort_c,89
111,posttest,55.74468085,AM1,vocab_c,108
111,posttest,55.74468085,AM1,pattern_c,135
111,pretest,49.36708861,AM1,list_sort_c,123
111,pretest,49.36708861,AM1,flanker_c,80
111,pretest,49.36708861,AM1,card_sort_c,89
111,pretest,49.36708861,AM1,vocab_c,108
111,pretest,49.36708861,AM1,pattern_c,135
112,posttest,53.19148936,AM1,list_sort_c,103
112,posttest,53.19148936,AM1,flanker_c,129
112,posttest,53.19148936,AM1,card_sort_c,135
112,posttest,53.19148936,AM1,vocab_c,120
112,posttest,53.19148936,AM1,pattern_c,146
112,pretest,37.97468354,AM1,list_sort_c,103
112,pretest,37.97468354,AM1,flanker_c,129
112,pretest,37.97468354,AM1,card_sort_c,135
112,pretest,37.97468354,AM1,vocab_c,120
112,pretest,37.97468354,AM1,pattern_c,146
113,posttest,54.46808511,AM1,list_sort_c,91
113,posttest,54.46808511,AM1,flanker_c,64
113,posttest,54.46808511,AM1,card_sort_c,90
113,posttest,54.46808511,AM1,vocab_c,102
113,posttest,54.46808511,AM1,pattern_c,102
113,pretest,43.03797468,AM1,list_sort_c,91
113,pretest,43.03797468,AM1,flanker_c,64
113,pretest,43.03797468,AM1,card_sort_c,90
113,pretest,43.03797468,AM1,vocab_c,102
113,pretest,43.03797468,AM1,pattern_c,102
114,posttest,43.40425532,AM1,list_sort_c,91
114,posttest,43.40425532,AM1,flanker_c,81
114,posttest,43.40425532,AM1,card_sort_c,96
114,posttest,43.40425532,AM1,vocab_c,90
114,posttest,43.40425532,AM1,pattern_c,91
114,pretest,29.11392405,AM1,list_sort_c,91
114,pretest,29.11392405,AM1,flanker_c,81
114,pretest,29.11392405,AM1,card_sort_c,96
114,pretest,29.11392405,AM1,vocab_c,90
114,pretest,29.11392405,AM1,pattern_c,91
115,posttest,48.08510638,AM1,list_sort_c,96
115,posttest,48.08510638,AM1,flanker_c,97
115,posttest,48.08510638,AM1,card_sort_c,107
115,posttest,48.08510638,AM1,vocab_c,126
115,posttest,48.08510638,AM1,pattern_c,107
115,pretest,26.58227848,AM1,list_sort_c,96
115,pretest,26.58227848,AM1,flanker_c,97
115,pretest,26.58227848,AM1,card_sort_c,107
115,pretest,26.58227848,AM1,vocab_c,126
115,pretest,26.58227848,AM1,pattern_c,107
117,posttest,55.74468085,AM1,list_sort_c,112
117,posttest,55.74468085,AM1,flanker_c,86
117,posttest,55.74468085,AM1,card_sort_c,107
117,posttest,55.74468085,AM1,vocab_c,103
117,posttest,55.74468085,AM1,pattern_c,135
117,pretest,31.64556962,AM1,list_sort_c,112
117,pretest,31.64556962,AM1,flanker_c,86
117,pretest,31.64556962,AM1,card_sort_c,107
117,pretest,31.64556962,AM1,vocab_c,103
117,pretest,31.64556962,AM1,pattern_c,135
118,posttest,44.68085106,AM1,list_sort_c,123
118,posttest,44.68085106,AM1,flanker_c,98
118,posttest,44.68085106,AM1,card_sort_c,113
118,posttest,44.68085106,AM1,vocab_c,101
118,posttest,44.68085106,AM1,pattern_c,136
118,pretest,44.30379747,AM1,list_sort_c,123
118,pretest,44.30379747,AM1,flanker_c,98
118,pretest,44.30379747,AM1,card_sort_c,113
118,pretest,44.30379747,AM1,vocab_c,101
118,pretest,44.30379747,AM1,pattern_c,136
119,posttest,62.9787234,AM1,list_sort_c,107
119,posttest,62.9787234,AM1,flanker_c,96
119,posttest,62.9787234,AM1,card_sort_c,128
119,posttest,62.9787234,AM1,vocab_c,116
119,posttest,62.9787234,AM1,pattern_c,95
119,pretest,46.83544304,AM1,list_sort_c,107
119,pretest,46.83544304,AM1,flanker_c,96
119,pretest,46.83544304,AM1,card_sort_c,128
119,pretest,46.83544304,AM1,vocab_c,116
119,pretest,46.83544304,AM1,pattern_c,95
120,posttest,58.72340426,AM1,list_sort_c,101
120,posttest,58.72340426,AM1,flanker_c,117
120,posttest,58.72340426,AM1,card_sort_c,122
120,posttest,58.72340426,AM1,vocab_c,93
120,posttest,58.72340426,AM1,pattern_c,133
120,pretest,43.03797468,AM1,list_sort_c,101
120,pretest,43.03797468,AM1,flanker_c,117
120,pretest,43.03797468,AM1,card_sort_c,122
120,pretest,43.03797468,AM1,vocab_c,93
120,pretest,43.03797468,AM1,pattern_c,133
121,posttest,45.79831933,PDM10,list_sort_c,75
121,posttest,45.79831933,PDM10,flanker_c,64
121,posttest,45.79831933,PDM10,card_sort_c,73
121,posttest,45.79831933,PDM10,vocab_c,79
121,posttest,45.79831933,PDM10,pattern_c,107
121,pretest,49.36708861,PDM10,list_sort_c,75
121,pretest,49.36708861,PDM10,flanker_c,64
121,pretest,49.36708861,PDM10,card_sort_c,73
121,pretest,49.36708861,PDM10,vocab_c,79
121,pretest,49.36708861,PDM10,pattern_c,107
122,posttest,58.40336134,PDM10,list_sort_c,107
122,posttest,58.40336134,PDM10,flanker_c,108
122,posttest,58.40336134,PDM10,card_sort_c,124
122,posttest,58.40336134,PDM10,vocab_c,113
122,posttest,58.40336134,PDM10,pattern_c,135
122,pretest,51.89873418,PDM10,list_sort_c,107
122,pretest,51.89873418,PDM10,flanker_c,108
122,pretest,51.89873418,PDM10,card_sort_c,124
122,pretest,51.89873418,PDM10,vocab_c,113
122,pretest,51.89873418,PDM10,pattern_c,135
123,posttest,58.82352941,PDM10,list_sort_c,97
123,posttest,58.82352941,PDM10,flanker_c,75
123,posttest,58.82352941,PDM10,card_sort_c,101
123,posttest,58.82352941,PDM10,vocab_c,102
123,posttest,58.82352941,PDM10,pattern_c,135
123,pretest,45.56962025,PDM10,list_sort_c,97
123,pretest,45.56962025,PDM10,flanker_c,75
123,pretest,45.56962025,PDM10,card_sort_c,101
123,pretest,45.56962025,PDM10,vocab_c,102
123,pretest,45.56962025,PDM10,pattern_c,135
125,posttest,46.21848739,PDM10,list_sort_c,123
125,posttest,46.21848739,PDM10,flanker_c,102
125,posttest,46.21848739,PDM10,card_sort_c,118
125,posttest,46.21848739,PDM10,vocab_c,91
125,posttest,46.21848739,PDM10,pattern_c,118
125,pretest,44.30379747,PDM10,list_sort_c,123
125,pretest,44.30379747,PDM10,flanker_c,102
125,pretest,44.30379747,PDM10,card_sort_c,118
125,pretest,44.30379747,PDM10,vocab_c,91
125,pretest,44.30379747,PDM10,pattern_c,118
127,posttest,42.43697479,PDM10,list_sort_c,107
127,posttest,42.43697479,PDM10,flanker_c,64
127,posttest,42.43697479,PDM10,card_sort_c,101
127,posttest,42.43697479,PDM10,vocab_c,84
127,posttest,42.43697479,PDM10,pattern_c,96
127,pretest,40.50632911,PDM10,list_sort_c,107
127,pretest,40.50632911,PDM10,flanker_c,64
127,pretest,40.50632911,PDM10,card_sort_c,101
127,pretest,40.50632911,PDM10,vocab_c,84
127,pretest,40.50632911,PDM10,pattern_c,96
128,posttest,64.28571429,PDM10,list_sort_c,96
128,posttest,64.28571429,PDM10,flanker_c,119
128,posttest,64.28571429,PDM10,card_sort_c,124
128,posttest,64.28571429,PDM10,vocab_c,114
128,posttest,64.28571429,PDM10,pattern_c,135
128,pretest,59.49367089,PDM10,list_sort_c,96
128,pretest,59.49367089,PDM10,flanker_c,119
128,pretest,59.49367089,PDM10,card_sort_c,124
128,pretest,59.49367089,PDM10,vocab_c,114
128,pretest,59.49367089,PDM10,pattern_c,135
129,posttest,57.98319328,PDM10,list_sort_c,112
129,posttest,57.98319328,PDM10,flanker_c,97
129,posttest,57.98319328,PDM10,card_sort_c,113
129,posttest,57.98319328,PDM10,vocab_c,108
129,posttest,57.98319328,PDM10,pattern_c,130
129,pretest,46.83544304,PDM10,list_sort_c,112
129,pretest,46.83544304,PDM10,flanker_c,97
129,pretest,46.83544304,PDM10,card_sort_c,113
129,pretest,46.83544304,PDM10,vocab_c,108
129,pretest,46.83544304,PDM10,pattern_c,130
130,posttest,53.36134454,PDM10,list_sort_c,133
130,posttest,53.36134454,PDM10,flanker_c,90
130,posttest,53.36134454,PDM10,card_sort_c,111
130,posttest,53.36134454,PDM10,vocab_c,122
130,posttest,53.36134454,PDM10,pattern_c,133
130,pretest,44.30379747,PDM10,list_sort_c,133
130,pretest,44.30379747,PDM10,flanker_c,90
130,pretest,44.30379747,PDM10,card_sort_c,111
130,pretest,44.30379747,PDM10,vocab_c,122
130,pretest,44.30379747,PDM10,pattern_c,133
141,posttest,56.72268908,PDM10,list_sort_c,81
141,posttest,56.72268908,PDM10,flanker_c,82
141,posttest,56.72268908,PDM10,card_sort_c,68
141,posttest,56.72268908,PDM10,vocab_c,95
141,posttest,56.72268908,PDM10,pattern_c,109
141,pretest,48.10126582,PDM10,list_sort_c,81
141,pretest,48.10126582,PDM10,flanker_c,82
141,pretest,48.10126582,PDM10,card_sort_c,68
141,pretest,48.10126582,PDM10,vocab_c,95
141,pretest,48.10126582,PDM10,pattern_c,109
142,posttest,63.86554622,PDM10,list_sort_c,97
142,posttest,63.86554622,PDM10,flanker_c,92
142,posttest,63.86554622,PDM10,card_sort_c,107
142,posttest,63.86554622,PDM10,vocab_c,119
142,posttest,63.86554622,PDM10,pattern_c,107
142,pretest,59.49367089,PDM10,list_sort_c,97
142,pretest,59.49367089,PDM10,flanker_c,92
142,pretest,59.49367089,PDM10,card_sort_c,107
142,pretest,59.49367089,PDM10,vocab_c,119
142,pretest,59.49367089,PDM10,pattern_c,107
143,posttest,68.06722689,PDM10,list_sort_c,103
143,posttest,68.06722689,PDM10,flanker_c,72
143,posttest,68.06722689,PDM10,card_sort_c,81
143,posttest,68.06722689,PDM10,vocab_c,111
143,posttest,68.06722689,PDM10,pattern_c,110
143,pretest,54.43037975,PDM10,list_sort_c,103
143,pretest,54.43037975,PDM10,flanker_c,72
143,pretest,54.43037975,PDM10,card_sort_c,81
143,pretest,54.43037975,PDM10,vocab_c,111
143,pretest,54.43037975,PDM10,pattern_c,110
144,posttest,61.76470588,PDM10,list_sort_c,97
144,posttest,61.76470588,PDM10,flanker_c,71
144,posttest,61.76470588,PDM10,card_sort_c,92
144,posttest,61.76470588,PDM10,vocab_c,111
144,posttest,61.76470588,PDM10,pattern_c,87
144,pretest,53.16455696,PDM10,list_sort_c,97
144,pretest,53.16455696,PDM10,flanker_c,71
144,pretest,53.16455696,PDM10,card_sort_c,92
144,pretest,53.16455696,PDM10,vocab_c,111
144,pretest,53.16455696,PDM10,pattern_c,87
146,posttest,63.44537815,PDM10,list_sort_c,102
146,posttest,63.44537815,PDM10,flanker_c,103
146,posttest,63.44537815,PDM10,card_sort_c,90
146,posttest,63.44537815,PDM10,vocab_c,119
146,posttest,63.44537815,PDM10,pattern_c,107
146,pretest,62.02531646,PDM10,list_sort_c,102
146,pretest,62.02531646,PDM10,flanker_c,103
146,pretest,62.02531646,PDM10,card_sort_c,90
146,pretest,62.02531646,PDM10,vocab_c,119
146,pretest,62.02531646,PDM10,pattern_c,107
147,posttest,64.28571429,PDM10,list_sort_c,112
147,posttest,64.28571429,PDM10,flanker_c,125
147,posttest,64.28571429,PDM10,card_sort_c,118
147,posttest,64.28571429,PDM10,vocab_c,125
147,posttest,64.28571429,PDM10,pattern_c,119
147,pretest,59.49367089,PDM10,list_sort_c,112
147,pretest,59.49367089,PDM10,flanker_c,125
147,pretest,59.49367089,PDM10,card_sort_c,118
147,pretest,59.49367089,PDM10,vocab_c,125
147,pretest,59.49367089,PDM10,pattern_c,119
148,posttest,56.30252101,PDM10,list_sort_c,109
148,posttest,56.30252101,PDM10,flanker_c,96
148,posttest,56.30252101,PDM10,card_sort_c,118
148,posttest,56.30252101,PDM10,vocab_c,114
148,posttest,56.30252101,PDM10,pattern_c,136
148,pretest,62.02531646,PDM10,list_sort_c,109
148,pretest,62.02531646,PDM10,flanker_c,96
148,pretest,62.02531646,PDM10,card_sort_c,118
148,pretest,62.02531646,PDM10,vocab_c,114
148,pretest,62.02531646,PDM10,pattern_c,136
149,posttest,63.44537815,PDM10,list_sort_c,117
149,posttest,63.44537815,PDM10,flanker_c,113
149,posttest,63.44537815,PDM10,card_sort_c,89
149,posttest,63.44537815,PDM10,vocab_c,121
149,posttest,63.44537815,PDM10,pattern_c,117
149,pretest,54.43037975,PDM10,list_sort_c,117
149,pretest,54.43037975,PDM10,flanker_c,113
149,pretest,54.43037975,PDM10,card_sort_c,89
149,pretest,54.43037975,PDM10,vocab_c,121
149,pretest,54.43037975,PDM10,pattern_c,117
150,posttest,61.34453782,PDM10,list_sort_c,102
150,posttest,61.34453782,PDM10,flanker_c,91
150,posttest,61.34453782,PDM10,card_sort_c,112
150,posttest,61.34453782,PDM10,vocab_c,98
150,posttest,61.34453782,PDM10,pattern_c,134
150,pretest,54.43037975,PDM10,list_sort_c,102
150,pretest,54.43037975,PDM10,flanker_c,91
150,pretest,54.43037975,PDM10,card_sort_c,112
150,pretest,54.43037975,PDM10,vocab_c,98
150,pretest,54.43037975,PDM10,pattern_c,134
151,posttest,65.96638655,PDM10,list_sort_c,107
151,posttest,65.96638655,PDM10,flanker_c,102
151,posttest,65.96638655,PDM10,card_sort_c,123
151,posttest,65.96638655,PDM10,vocab_c,115
151,posttest,65.96638655,PDM10,pattern_c,134
151,pretest,63.29113924,PDM10,list_sort_c,107
151,pretest,63.29113924,PDM10,flanker_c,102
151,pretest,63.29113924,PDM10,card_sort_c,123
151,pretest,63.29113924,PDM10,vocab_c,115
151,pretest,63.29113924,PDM10,pattern_c,134
152,posttest,63.02521008,PDM10,list_sort_c,114
152,posttest,63.02521008,PDM10,flanker_c,106
152,posttest,63.02521008,PDM10,card_sort_c,134
152,posttest,63.02521008,PDM10,vocab_c,121
152,posttest,63.02521008,PDM10,pattern_c,128
152,pretest,51.89873418,PDM10,list_sort_c,114
152,pretest,51.89873418,PDM10,flanker_c,106
152,pretest,51.89873418,PDM10,card_sort_c,134
152,pretest,51.89873418,PDM10,vocab_c,121
152,pretest,51.89873418,PDM10,pattern_c,128
153,posttest,51.68067227,PDM10,list_sort_c,75
153,posttest,51.68067227,PDM10,flanker_c,65
153,posttest,51.68067227,PDM10,card_sort_c,73
153,posttest,51.68067227,PDM10,vocab_c,95
153,posttest,51.68067227,PDM10,pattern_c,91
153,pretest,41.7721519,PDM10,list_sort_c,75
153,pretest,41.7721519,PDM10,flanker_c,65
153,pretest,41.7721519,PDM10,card_sort_c,73
153,pretest,41.7721519,PDM10,vocab_c,95
153,pretest,41.7721519,PDM10,pattern_c,91
154,posttest,65.54621849,PDM10,list_sort_c,112
154,posttest,65.54621849,PDM10,flanker_c,102
154,posttest,65.54621849,PDM10,card_sort_c,129
154,posttest,65.54621849,PDM10,vocab_c,115
154,posttest,65.54621849,PDM10,pattern_c,101
154,pretest,58.2278481,PDM10,list_sort_c,112
154,pretest,58.2278481,PDM10,flanker_c,102
154,pretest,58.2278481,PDM10,card_sort_c,129
154,pretest,58.2278481,PDM10,vocab_c,115
154,pretest,58.2278481,PDM10,pattern_c,101
155,posttest,63.86554622,PDM10,list_sort_c,86
155,posttest,63.86554622,PDM10,flanker_c,86
155,posttest,63.86554622,PDM10,card_sort_c,78
155,posttest,63.86554622,PDM10,vocab_c,97
155,posttest,63.86554622,PDM10,pattern_c,79
155,pretest,56.96202532,PDM10,list_sort_c,86
155,pretest,56.96202532,PDM10,flanker_c,86
155,pretest,56.96202532,PDM10,card_sort_c,78
155,pretest,56.96202532,PDM10,vocab_c,97
155,pretest,56.96202532,PDM10,pattern_c,79
156,posttest,51.68067227,PDM10,list_sort_c,118
156,posttest,51.68067227,PDM10,flanker_c,81
156,posttest,51.68067227,PDM10,card_sort_c,96
156,posttest,51.68067227,PDM10,vocab_c,124
156,posttest,51.68067227,PDM10,pattern_c,136
156,pretest,60.75949367,PDM10,list_sort_c,118
156,pretest,60.75949367,PDM10,flanker_c,81
156,pretest,60.75949367,PDM10,card_sort_c,96
156,pretest,60.75949367,PDM10,vocab_c,124
156,pretest,60.75949367,PDM10,pattern_c,136
157,posttest,53.78151261,PDM10,list_sort_c,85
157,posttest,53.78151261,PDM10,flanker_c,63
157,posttest,53.78151261,PDM10,card_sort_c,77
157,posttest,53.78151261,PDM10,vocab_c,93
157,posttest,53.78151261,PDM10,pattern_c,100
157,pretest,59.49367089,PDM10,list_sort_c,85
157,pretest,59.49367089,PDM10,flanker_c,63
157,pretest,59.49367089,PDM10,card_sort_c,77
157,pretest,59.49367089,PDM10,vocab_c,93
157,pretest,59.49367089,PDM10,pattern_c,100
158,posttest,64.28571429,PDM10,list_sort_c,97
158,posttest,64.28571429,PDM10,flanker_c,86
158,posttest,64.28571429,PDM10,card_sort_c,101
158,posttest,64.28571429,PDM10,vocab_c,131
158,posttest,64.28571429,PDM10,pattern_c,107
158,pretest,60.75949367,PDM10,list_sort_c,97
158,pretest,60.75949367,PDM10,flanker_c,86
158,pretest,60.75949367,PDM10,card_sort_c,101
158,pretest,60.75949367,PDM10,vocab_c,131
158,pretest,60.75949367,PDM10,pattern_c,107
159,posttest,50.84033613,PDM10,list_sort_c,96
159,posttest,50.84033613,PDM10,flanker_c,101
159,posttest,50.84033613,PDM10,card_sort_c,100
159,posttest,50.84033613,PDM10,vocab_c,99
159,posttest,50.84033613,PDM10,pattern_c,117
159,pretest,48.10126582,PDM10,list_sort_c,96
159,pretest,48.10126582,PDM10,flanker_c,101
159,pretest,48.10126582,PDM10,card_sort_c,100
159,pretest,48.10126582,PDM10,vocab_c,99
159,pretest,48.10126582,PDM10,pattern_c,117
160,posttest,60.92436975,PDM10,list_sort_c,123
160,posttest,60.92436975,PDM10,flanker_c,63
160,posttest,60.92436975,PDM10,card_sort_c,71
160,posttest,60.92436975,PDM10,vocab_c,128
160,posttest,60.92436975,PDM10,pattern_c,106
160,pretest,64.55696203,PDM10,list_sort_c,123
160,pretest,64.55696203,PDM10,flanker_c,63
160,pretest,64.55696203,PDM10,card_sort_c,71
160,pretest,64.55696203,PDM10,vocab_c,128
160,pretest,64.55696203,PDM10,pattern_c,106
162,posttest,60,AM1,list_sort_c,107
162,posttest,60,AM1,flanker_c,85
162,posttest,60,AM1,card_sort_c,111
162,posttest,60,AM1,vocab_c,122
162,posttest,60,AM1,pattern_c,117
162,pretest,40.50632911,AM1,list_sort_c,107
162,pretest,40.50632911,AM1,flanker_c,85
162,pretest,40.50632911,AM1,card_sort_c,111
162,pretest,40.50632911,AM1,vocab_c,122
162,pretest,40.50632911,AM1,pattern_c,117
163,posttest,51.91489362,AM1,list_sort_c,101
163,posttest,51.91489362,AM1,flanker_c,80
163,posttest,51.91489362,AM1,card_sort_c,105
163,posttest,51.91489362,AM1,vocab_c,99
163,posttest,51.91489362,AM1,pattern_c,89
163,pretest,30.37974684,AM1,list_sort_c,101
163,pretest,30.37974684,AM1,flanker_c,80
163,pretest,30.37974684,AM1,card_sort_c,105
163,pretest,30.37974684,AM1,vocab_c,99
163,pretest,30.37974684,AM1,pattern_c,89
164,posttest,58.29787234,AM1,list_sort_c,112
164,posttest,58.29787234,AM1,flanker_c,92
164,posttest,58.29787234,AM1,card_sort_c,79
164,posttest,58.29787234,AM1,vocab_c,119
164,posttest,58.29787234,AM1,pattern_c,54
164,pretest,32.91139241,AM1,list_sort_c,112
164,pretest,32.91139241,AM1,flanker_c,92
164,pretest,32.91139241,AM1,card_sort_c,79
164,pretest,32.91139241,AM1,vocab_c,119
164,pretest,32.91139241,AM1,pattern_c,54
165,posttest,29.36170213,AM1,list_sort_c,91
165,posttest,29.36170213,AM1,flanker_c,69
165,posttest,29.36170213,AM1,card_sort_c,83
165,posttest,29.36170213,AM1,vocab_c,99
165,posttest,29.36170213,AM1,pattern_c,84
165,pretest,16.4556962,AM1,list_sort_c,91
165,pretest,16.4556962,AM1,flanker_c,69
165,pretest,16.4556962,AM1,card_sort_c,83
165,pretest,16.4556962,AM1,vocab_c,99
165,pretest,16.4556962,AM1,pattern_c,84
166,posttest,59.14893617,AM1,list_sort_c,117
166,posttest,59.14893617,AM1,flanker_c,80
166,posttest,59.14893617,AM1,card_sort_c,88
166,posttest,59.14893617,AM1,vocab_c,116
166,posttest,59.14893617,AM1,pattern_c,106
166,pretest,41.7721519,AM1,list_sort_c,117
166,pretest,41.7721519,AM1,flanker_c,80
166,pretest,41.7721519,AM1,card_sort_c,88
166,pretest,41.7721519,AM1,vocab_c,116
166,pretest,41.7721519,AM1,pattern_c,106
167,posttest,48.08510638,AM1,list_sort_c,107
167,posttest,48.08510638,AM1,flanker_c,108
167,posttest,48.08510638,AM1,card_sort_c,113
167,posttest,48.08510638,AM1,vocab_c,125
167,posttest,48.08510638,AM1,pattern_c,107
167,pretest,40.50632911,AM1,list_sort_c,107
167,pretest,40.50632911,AM1,flanker_c,108
167,pretest,40.50632911,AM1,card_sort_c,113
167,pretest,40.50632911,AM1,vocab_c,125
167,pretest,40.50632911,AM1,pattern_c,107
168,posttest,48.93617021,AM1,list_sort_c,91
168,posttest,48.93617021,AM1,flanker_c,75
168,posttest,48.93617021,AM1,card_sort_c,112
168,posttest,48.93617021,AM1,vocab_c,108
168,posttest,48.93617021,AM1,pattern_c,135
168,pretest,30.37974684,AM1,list_sort_c,91
168,pretest,30.37974684,AM1,flanker_c,75
168,pretest,30.37974684,AM1,card_sort_c,112
168,pretest,30.37974684,AM1,vocab_c,108
168,pretest,30.37974684,AM1,pattern_c,135
169,posttest,56.17021277,AM1,list_sort_c,118
169,posttest,56.17021277,AM1,flanker_c,113
169,posttest,56.17021277,AM1,card_sort_c,118
169,posttest,56.17021277,AM1,vocab_c,120
169,posttest,56.17021277,AM1,pattern_c,124
169,pretest,44.30379747,AM1,list_sort_c,118
169,pretest,44.30379747,AM1,flanker_c,113
169,pretest,44.30379747,AM1,card_sort_c,118
169,pretest,44.30379747,AM1,vocab_c,120
169,pretest,44.30379747,AM1,pattern_c,124
170,posttest,54.46808511,AM1,list_sort_c,97
170,posttest,54.46808511,AM1,flanker_c,93
170,posttest,54.46808511,AM1,card_sort_c,115
170,posttest,54.46808511,AM1,vocab_c,117
170,posttest,54.46808511,AM1,pattern_c,115
170,pretest,43.03797468,AM1,list_sort_c,97
170,pretest,43.03797468,AM1,flanker_c,93
170,pretest,43.03797468,AM1,card_sort_c,115
170,pretest,43.03797468,AM1,vocab_c,117
170,pretest,43.03797468,AM1,pattern_c,115
171,posttest,46.80851064,AM1,list_sort_c,102
171,posttest,46.80851064,AM1,flanker_c,87
171,posttest,46.80851064,AM1,card_sort_c,103
171,posttest,46.80851064,AM1,vocab_c,89
171,posttest,46.80851064,AM1,pattern_c,86
171,pretest,45.56962025,AM1,list_sort_c,102
171,pretest,45.56962025,AM1,flanker_c,87
171,pretest,45.56962025,AM1,card_sort_c,103
171,pretest,45.56962025,AM1,vocab_c,89
171,pretest,45.56962025,AM1,pattern_c,86
172,posttest,50.63829787,AM1,list_sort_c,123
172,posttest,50.63829787,AM1,flanker_c,131
172,posttest,50.63829787,AM1,card_sort_c,131
172,posttest,50.63829787,AM1,vocab_c,118
172,posttest,50.63829787,AM1,pattern_c,142
172,pretest,27.84810127,AM1,list_sort_c,123
172,pretest,27.84810127,AM1,flanker_c,131
172,pretest,27.84810127,AM1,card_sort_c,131
172,pretest,27.84810127,AM1,vocab_c,118
172,pretest,27.84810127,AM1,pattern_c,142
182,posttest,57.56302521,PDM10,list_sort_c,96
182,posttest,57.56302521,PDM10,flanker_c,80
182,posttest,57.56302521,PDM10,card_sort_c,94
182,posttest,57.56302521,PDM10,vocab_c,104
182,posttest,57.56302521,PDM10,pattern_c,133
182,pretest,48.10126582,PDM10,list_sort_c,96
182,pretest,48.10126582,PDM10,flanker_c,80
182,pretest,48.10126582,PDM10,card_sort_c,94
182,pretest,48.10126582,PDM10,vocab_c,104
182,pretest,48.10126582,PDM10,pattern_c,133
183,posttest,49.15966387,PDM10,list_sort_c,96
183,posttest,49.15966387,PDM10,flanker_c,101
183,posttest,49.15966387,PDM10,card_sort_c,122
183,posttest,49.15966387,PDM10,vocab_c,110
183,posttest,49.15966387,PDM10,pattern_c,133
183,pretest,53.16455696,PDM10,list_sort_c,96
183,pretest,53.16455696,PDM10,flanker_c,101
183,pretest,53.16455696,PDM10,card_sort_c,122
183,pretest,53.16455696,PDM10,vocab_c,110
183,pretest,53.16455696,PDM10,pattern_c,133
184,posttest,44.11764706,PDM10,list_sort_c,102
184,posttest,44.11764706,PDM10,flanker_c,92
184,posttest,44.11764706,PDM10,card_sort_c,90
184,posttest,44.11764706,PDM10,vocab_c,108
184,posttest,44.11764706,PDM10,pattern_c,119
184,pretest,40.50632911,PDM10,list_sort_c,102
184,pretest,40.50632911,PDM10,flanker_c,92
184,pretest,40.50632911,PDM10,card_sort_c,90
184,pretest,40.50632911,PDM10,vocab_c,108
184,pretest,40.50632911,PDM10,pattern_c,119
185,posttest,65.54621849,PDM10,list_sort_c,96
185,posttest,65.54621849,PDM10,flanker_c,85
185,posttest,65.54621849,PDM10,card_sort_c,123
185,posttest,65.54621849,PDM10,vocab_c,127
185,posttest,65.54621849,PDM10,pattern_c,123
185,pretest,65.82278481,PDM10,list_sort_c,96
185,pretest,65.82278481,PDM10,flanker_c,85
185,pretest,65.82278481,PDM10,card_sort_c,123
185,pretest,65.82278481,PDM10,vocab_c,127
185,pretest,65.82278481,PDM10,pattern_c,123
186,posttest,58.40336134,PDM10,list_sort_c,91
186,posttest,58.40336134,PDM10,flanker_c,103
186,posttest,58.40336134,PDM10,card_sort_c,118
186,posttest,58.40336134,PDM10,vocab_c,125
186,posttest,58.40336134,PDM10,pattern_c,124
186,pretest,59.49367089,PDM10,list_sort_c,91
186,pretest,59.49367089,PDM10,flanker_c,103
186,pretest,59.49367089,PDM10,card_sort_c,118
186,pretest,59.49367089,PDM10,vocab_c,125
186,pretest,59.49367089,PDM10,pattern_c,124
187,posttest,61.34453782,PDM10,list_sort_c,86
187,posttest,61.34453782,PDM10,flanker_c,70
187,posttest,61.34453782,PDM10,card_sort_c,101
187,posttest,61.34453782,PDM10,vocab_c,102
187,posttest,61.34453782,PDM10,pattern_c,130
187,pretest,53.16455696,PDM10,list_sort_c,86
187,pretest,53.16455696,PDM10,flanker_c,70
187,pretest,53.16455696,PDM10,card_sort_c,101
187,pretest,53.16455696,PDM10,vocab_c,102
187,pretest,53.16455696,PDM10,pattern_c,130
188,posttest,60.50420168,PDM10,list_sort_c,107
188,posttest,60.50420168,PDM10,flanker_c,92
188,posttest,60.50420168,PDM10,card_sort_c,118
188,posttest,60.50420168,PDM10,vocab_c,90
188,posttest,60.50420168,PDM10,pattern_c,102
188,pretest,50.63291139,PDM10,list_sort_c,107
188,pretest,50.63291139,PDM10,flanker_c,92
188,pretest,50.63291139,PDM10,card_sort_c,118
188,pretest,50.63291139,PDM10,vocab_c,90
188,pretest,50.63291139,PDM10,pattern_c,102
189,posttest,65.96638655,PDM10,list_sort_c,124
189,posttest,65.96638655,PDM10,flanker_c,87
189,posttest,65.96638655,PDM10,card_sort_c,114
189,posttest,65.96638655,PDM10,vocab_c,123
189,posttest,65.96638655,PDM10,pattern_c,81
189,pretest,48.10126582,PDM10,list_sort_c,124
189,pretest,48.10126582,PDM10,flanker_c,87
189,pretest,48.10126582,PDM10,card_sort_c,114
189,pretest,48.10126582,PDM10,vocab_c,123
189,pretest,48.10126582,PDM10,pattern_c,81
220,posttest,86.97478992,ALSM1,list_sort_c,107
220,posttest,86.97478992,ALSM1,flanker_c,96
220,posttest,86.97478992,ALSM1,card_sort_c,112
220,posttest,86.97478992,ALSM1,vocab_c,112
220,posttest,86.97478992,ALSM1,pattern_c,123
220,pretest,79.74683544,ALSM1,list_sort_c,107
220,pretest,79.74683544,ALSM1,flanker_c,96
220,pretest,79.74683544,ALSM1,card_sort_c,112
220,pretest,79.74683544,ALSM1,vocab_c,112
220,pretest,79.74683544,ALSM1,pattern_c,123
221,posttest,80.67226891,ALSM1,list_sort_c,107
221,posttest,80.67226891,ALSM1,flanker_c,80
221,posttest,80.67226891,ALSM1,card_sort_c,78
221,posttest,80.67226891,ALSM1,vocab_c,78
221,posttest,80.67226891,ALSM1,pattern_c,68
221,pretest,67.08860759,ALSM1,list_sort_c,107
221,pretest,67.08860759,ALSM1,flanker_c,80
221,pretest,67.08860759,ALSM1,card_sort_c,78
221,pretest,67.08860759,ALSM1,vocab_c,78
221,pretest,67.08860759,ALSM1,pattern_c,68
222,posttest,82.77310924,ALSM1,list_sort_c,107
222,posttest,82.77310924,ALSM1,flanker_c,74
222,posttest,82.77310924,ALSM1,card_sort_c,83
222,posttest,82.77310924,ALSM1,vocab_c,83
222,posttest,82.77310924,ALSM1,pattern_c,117
222,pretest,74.6835443,ALSM1,list_sort_c,107
222,pretest,74.6835443,ALSM1,flanker_c,74
222,pretest,74.6835443,ALSM1,card_sort_c,83
222,pretest,74.6835443,ALSM1,vocab_c,83
222,pretest,74.6835443,ALSM1,pattern_c,117
223,posttest,88.23529412,ALSM1,list_sort_c,123
223,posttest,88.23529412,ALSM1,flanker_c,96
223,posttest,88.23529412,ALSM1,card_sort_c,105
223,posttest,88.23529412,ALSM1,vocab_c,105
223,posttest,88.23529412,ALSM1,pattern_c,117
223,pretest,78.48101266,ALSM1,list_sort_c,123
223,pretest,78.48101266,ALSM1,flanker_c,96
223,pretest,78.48101266,ALSM1,card_sort_c,105
223,pretest,78.48101266,ALSM1,vocab_c,105
223,pretest,78.48101266,ALSM1,pattern_c,117
224,posttest,82.77310924,ALSM1,list_sort_c,91
224,posttest,82.77310924,ALSM1,flanker_c,87
224,posttest,82.77310924,ALSM1,card_sort_c,102
224,posttest,82.77310924,ALSM1,vocab_c,102
224,posttest,82.77310924,ALSM1,pattern_c,119
224,pretest,73.41772152,ALSM1,list_sort_c,91
224,pretest,73.41772152,ALSM1,flanker_c,87
224,pretest,73.41772152,ALSM1,card_sort_c,102
224,pretest,73.41772152,ALSM1,vocab_c,102
224,pretest,73.41772152,ALSM1,pattern_c,119
225,posttest,83.61344538,ALSM1,list_sort_c,91
225,posttest,83.61344538,ALSM1,flanker_c,96
225,posttest,83.61344538,ALSM1,card_sort_c,95
225,posttest,83.61344538,ALSM1,vocab_c,95
225,posttest,83.61344538,ALSM1,pattern_c,101
225,pretest,81.01265823,ALSM1,list_sort_c,91
225,pretest,81.01265823,ALSM1,flanker_c,96
225,pretest,81.01265823,ALSM1,card_sort_c,95
225,pretest,81.01265823,ALSM1,vocab_c,95
225,pretest,81.01265823,ALSM1,pattern_c,101
226,posttest,81.51260504,ALSM1,list_sort_c,107
226,posttest,81.51260504,ALSM1,flanker_c,114
226,posttest,81.51260504,ALSM1,card_sort_c,84
226,posttest,81.51260504,ALSM1,vocab_c,84
226,posttest,81.51260504,ALSM1,pattern_c,80
226,pretest,75.94936709,ALSM1,list_sort_c,107
226,pretest,75.94936709,ALSM1,flanker_c,114
226,pretest,75.94936709,ALSM1,card_sort_c,84
226,pretest,75.94936709,ALSM1,vocab_c,84
226,pretest,75.94936709,ALSM1,pattern_c,80
227,posttest,85.71428571,ALSM1,list_sort_c,96
227,posttest,85.71428571,ALSM1,flanker_c,97
227,posttest,85.71428571,ALSM1,card_sort_c,118
227,posttest,85.71428571,ALSM1,vocab_c,118
227,posttest,85.71428571,ALSM1,pattern_c,118
227,pretest,81.01265823,ALSM1,list_sort_c,96
227,pretest,81.01265823,ALSM1,flanker_c,97
227,pretest,81.01265823,ALSM1,card_sort_c,118
227,pretest,81.01265823,ALSM1,vocab_c,118
227,pretest,81.01265823,ALSM1,pattern_c,118
228,posttest,90.75630252,ALSM1,list_sort_c,102
228,posttest,90.75630252,ALSM1,flanker_c,75
228,posttest,90.75630252,ALSM1,card_sort_c,118
228,posttest,90.75630252,ALSM1,vocab_c,118
228,posttest,90.75630252,ALSM1,pattern_c,107
228,pretest,77.21518987,ALSM1,list_sort_c,102
228,pretest,77.21518987,ALSM1,flanker_c,75
228,pretest,77.21518987,ALSM1,card_sort_c,118
228,pretest,77.21518987,ALSM1,vocab_c,118
228,pretest,77.21518987,ALSM1,pattern_c,107
229,posttest,86.97478992,ALSM1,list_sort_c,112
229,posttest,86.97478992,ALSM1,flanker_c,96
229,posttest,86.97478992,ALSM1,card_sort_c,100
229,posttest,86.97478992,ALSM1,vocab_c,100
229,posttest,86.97478992,ALSM1,pattern_c,128
229,pretest,78.48101266,ALSM1,list_sort_c,112
229,pretest,78.48101266,ALSM1,flanker_c,96
229,pretest,78.48101266,ALSM1,card_sort_c,100
229,pretest,78.48101266,ALSM1,vocab_c,100
229,pretest,78.48101266,ALSM1,pattern_c,128
230,posttest,86.13445378,ALSM1,list_sort_c,
230,posttest,86.13445378,ALSM1,flanker_c,91
230,posttest,86.13445378,ALSM1,card_sort_c,106
230,posttest,86.13445378,ALSM1,vocab_c,106
230,posttest,86.13445378,ALSM1,pattern_c,134
230,pretest,79.74683544,ALSM1,list_sort_c,
230,pretest,79.74683544,ALSM1,flanker_c,91
230,pretest,79.74683544,ALSM1,card_sort_c,106
230,pretest,79.74683544,ALSM1,vocab_c,106
230,pretest,79.74683544,ALSM1,pattern_c,134
231,posttest,86.97478992,ALSM1,list_sort_c,91
231,posttest,86.97478992,ALSM1,flanker_c,86
231,posttest,86.97478992,ALSM1,card_sort_c,96
231,posttest,86.97478992,ALSM1,vocab_c,96
231,posttest,86.97478992,ALSM1,pattern_c,107
231,pretest,82.27848101,ALSM1,list_sort_c,91
231,pretest,82.27848101,ALSM1,flanker_c,86
231,pretest,82.27848101,ALSM1,card_sort_c,96
231,pretest,82.27848101,ALSM1,vocab_c,96
231,pretest,82.27848101,ALSM1,pattern_c,107
233,posttest,86.97478992,ALSM1,list_sort_c,88
233,posttest,86.97478992,ALSM1,flanker_c,95
233,posttest,86.97478992,ALSM1,card_sort_c,108
233,posttest,86.97478992,ALSM1,vocab_c,108
233,posttest,86.97478992,ALSM1,pattern_c,89
233,pretest,87.34177215,ALSM1,list_sort_c,88
233,pretest,87.34177215,ALSM1,flanker_c,95
233,pretest,87.34177215,ALSM1,card_sort_c,108
233,pretest,87.34177215,ALSM1,vocab_c,108
233,pretest,87.34177215,ALSM1,pattern_c,89
234,posttest,76.8907563,ALSM1,list_sort_c,134
234,posttest,76.8907563,ALSM1,flanker_c,86
234,posttest,76.8907563,ALSM1,card_sort_c,107
234,posttest,76.8907563,ALSM1,vocab_c,107
234,posttest,76.8907563,ALSM1,pattern_c,129
234,pretest,74.6835443,ALSM1,list_sort_c,134
234,pretest,74.6835443,ALSM1,flanker_c,86
234,pretest,74.6835443,ALSM1,card_sort_c,107
234,pretest,74.6835443,ALSM1,vocab_c,107
234,pretest,74.6835443,ALSM1,pattern_c,129
235,posttest,88.23529412,ALSM1,list_sort_c,123
235,posttest,88.23529412,ALSM1,flanker_c,109
235,posttest,88.23529412,ALSM1,card_sort_c,131
235,posttest,88.23529412,ALSM1,vocab_c,131
235,posttest,88.23529412,ALSM1,pattern_c,136
235,pretest,78.48101266,ALSM1,list_sort_c,123
235,pretest,78.48101266,ALSM1,flanker_c,109
235,pretest,78.48101266,ALSM1,card_sort_c,131
235,pretest,78.48101266,ALSM1,vocab_c,131
235,pretest,78.48101266,ALSM1,pattern_c,136
236,posttest,84.87394958,ALSM1,list_sort_c,107
236,posttest,84.87394958,ALSM1,flanker_c,102
236,posttest,84.87394958,ALSM1,card_sort_c,78
236,posttest,84.87394958,ALSM1,vocab_c,78
236,posttest,84.87394958,ALSM1,pattern_c,90
236,pretest,84.81012658,ALSM1,list_sort_c,107
236,pretest,84.81012658,ALSM1,flanker_c,102
236,pretest,84.81012658,ALSM1,card_sort_c,78
236,pretest,84.81012658,ALSM1,vocab_c,78
236,pretest,84.81012658,ALSM1,pattern_c,90
237,posttest,84.03361345,ALSM1,list_sort_c,123
237,posttest,84.03361345,ALSM1,flanker_c,85
237,posttest,84.03361345,ALSM1,card_sort_c,83
237,posttest,84.03361345,ALSM1,vocab_c,83
237,posttest,84.03361345,ALSM1,pattern_c,128
237,pretest,70.88607595,ALSM1,list_sort_c,123
237,pretest,70.88607595,ALSM1,flanker_c,85
237,pretest,70.88607595,ALSM1,card_sort_c,83
237,pretest,70.88607595,ALSM1,vocab_c,83
237,pretest,70.88607595,ALSM1,pattern_c,128
238,posttest,77.73109244,ALSM1,list_sort_c,96
238,posttest,77.73109244,ALSM1,flanker_c,91
238,posttest,77.73109244,ALSM1,card_sort_c,117
238,posttest,77.73109244,ALSM1,vocab_c,117
238,posttest,77.73109244,ALSM1,pattern_c,101
238,pretest,73.41772152,ALSM1,list_sort_c,96
238,pretest,73.41772152,ALSM1,flanker_c,91
238,pretest,73.41772152,ALSM1,card_sort_c,117
238,pretest,73.41772152,ALSM1,vocab_c,117
238,pretest,73.41772152,ALSM1,pattern_c,101
239,posttest,78.57142857,ALSM1,list_sort_c,80
239,posttest,78.57142857,ALSM1,flanker_c,85
239,posttest,78.57142857,ALSM1,card_sort_c,111
239,posttest,78.57142857,ALSM1,vocab_c,111
239,posttest,78.57142857,ALSM1,pattern_c,106
239,pretest,70.88607595,ALSM1,list_sort_c,80
239,pretest,70.88607595,ALSM1,flanker_c,85
239,pretest,70.88607595,ALSM1,card_sort_c,111
239,pretest,70.88607595,ALSM1,vocab_c,111
239,pretest,70.88607595,ALSM1,pattern_c,106
240,posttest,81.93277311,ALSM1,list_sort_c,128
240,posttest,81.93277311,ALSM1,flanker_c,91
240,posttest,81.93277311,ALSM1,card_sort_c,123
240,posttest,81.93277311,ALSM1,vocab_c,123
240,posttest,81.93277311,ALSM1,pattern_c,106
240,pretest,70.88607595,ALSM1,list_sort_c,128
240,pretest,70.88607595,ALSM1,flanker_c,91
240,pretest,70.88607595,ALSM1,card_sort_c,123
240,pretest,70.88607595,ALSM1,vocab_c,123
240,pretest,70.88607595,ALSM1,pattern_c,106
241,posttest,81.51260504,ALSM1,list_sort_c,96
241,posttest,81.51260504,ALSM1,flanker_c,102
241,posttest,81.51260504,ALSM1,card_sort_c,101
241,posttest,81.51260504,ALSM1,vocab_c,101
241,posttest,81.51260504,ALSM1,pattern_c,118
241,pretest,82.27848101,ALSM1,list_sort_c,96
241,pretest,82.27848101,ALSM1,flanker_c,102
241,pretest,82.27848101,ALSM1,card_sort_c,101
241,pretest,82.27848101,ALSM1,vocab_c,101
241,pretest,82.27848101,ALSM1,pattern_c,118
242,posttest,80.67226891,ALSM1,list_sort_c,86
242,posttest,80.67226891,ALSM1,flanker_c,80
242,posttest,80.67226891,ALSM1,card_sort_c,100
242,posttest,80.67226891,ALSM1,vocab_c,100
242,posttest,80.67226891,ALSM1,pattern_c,101
242,pretest,75.94936709,ALSM1,list_sort_c,86
242,pretest,75.94936709,ALSM1,flanker_c,80
242,pretest,75.94936709,ALSM1,card_sort_c,100
242,pretest,75.94936709,ALSM1,vocab_c,100
242,pretest,75.94936709,ALSM1,pattern_c,101
243,posttest,81.51260504,ALSM1,list_sort_c,96
243,posttest,81.51260504,ALSM1,flanker_c,129
243,posttest,81.51260504,ALSM1,card_sort_c,112
243,posttest,81.51260504,ALSM1,vocab_c,112
243,posttest,81.51260504,ALSM1,pattern_c,96
243,pretest,77.21518987,ALSM1,list_sort_c,96
243,pretest,77.21518987,ALSM1,flanker_c,129
243,pretest,77.21518987,ALSM1,card_sort_c,112
243,pretest,77.21518987,ALSM1,vocab_c,112
243,pretest,77.21518987,ALSM1,pattern_c,96
244,posttest,84.87394958,ALSM1,list_sort_c,101
244,posttest,84.87394958,ALSM1,flanker_c,96
244,posttest,84.87394958,ALSM1,card_sort_c,117
244,posttest,84.87394958,ALSM1,vocab_c,117
244,posttest,84.87394958,ALSM1,pattern_c,133
244,pretest,67.08860759,ALSM1,list_sort_c,101
244,pretest,67.08860759,ALSM1,flanker_c,96
244,pretest,67.08860759,ALSM1,card_sort_c,117
244,pretest,67.08860759,ALSM1,vocab_c,117
244,pretest,67.08860759,ALSM1,pattern_c,133
270,posttest,85.29411765,ALSM1,list_sort_c,107
270,posttest,85.29411765,ALSM1,flanker_c,92
270,posttest,85.29411765,ALSM1,card_sort_c,113
270,posttest,85.29411765,ALSM1,vocab_c,119
270,posttest,85.29411765,ALSM1,pattern_c,102
270,pretest,73.41772152,ALSM1,list_sort_c,107
270,pretest,73.41772152,ALSM1,flanker_c,92
270,pretest,73.41772152,ALSM1,card_sort_c,113
270,pretest,73.41772152,ALSM1,vocab_c,119
270,pretest,73.41772152,ALSM1,pattern_c,102
271,posttest,91.59663866,ALSM1,list_sort_c,107
271,posttest,91.59663866,ALSM1,flanker_c,81
271,posttest,91.59663866,ALSM1,card_sort_c,85
271,posttest,91.59663866,ALSM1,vocab_c,113
271,posttest,91.59663866,ALSM1,pattern_c,130
271,pretest,86.07594937,ALSM1,list_sort_c,107
271,pretest,86.07594937,ALSM1,flanker_c,81
271,pretest,86.07594937,ALSM1,card_sort_c,85
271,pretest,86.07594937,ALSM1,vocab_c,113
271,pretest,86.07594937,ALSM1,pattern_c,130
272,posttest,90.33613445,ALSM1,list_sort_c,97
272,posttest,90.33613445,ALSM1,flanker_c,76
272,posttest,90.33613445,ALSM1,card_sort_c,91
272,posttest,90.33613445,ALSM1,vocab_c,113
272,posttest,90.33613445,ALSM1,pattern_c,86
272,pretest,86.07594937,ALSM1,list_sort_c,97
272,pretest,86.07594937,ALSM1,flanker_c,76
272,pretest,86.07594937,ALSM1,card_sort_c,91
272,pretest,86.07594937,ALSM1,vocab_c,113
272,pretest,86.07594937,ALSM1,pattern_c,86
273,posttest,81.09243697,ALSM1,list_sort_c,112
273,posttest,81.09243697,ALSM1,flanker_c,80
273,posttest,81.09243697,ALSM1,card_sort_c,95
273,posttest,81.09243697,ALSM1,vocab_c,97
273,posttest,81.09243697,ALSM1,pattern_c,124
273,pretest,73.41772152,ALSM1,list_sort_c,112
273,pretest,73.41772152,ALSM1,flanker_c,80
273,pretest,73.41772152,ALSM1,card_sort_c,95
273,pretest,73.41772152,ALSM1,vocab_c,97
273,pretest,73.41772152,ALSM1,pattern_c,124
274,posttest,82.35294118,ALSM1,list_sort_c,96
274,posttest,82.35294118,ALSM1,flanker_c,96
274,posttest,82.35294118,ALSM1,card_sort_c,105
274,posttest,82.35294118,ALSM1,vocab_c,93
274,posttest,82.35294118,ALSM1,pattern_c,100
274,pretest,69.62025316,ALSM1,list_sort_c,96
274,pretest,69.62025316,ALSM1,flanker_c,96
274,pretest,69.62025316,ALSM1,card_sort_c,105
274,pretest,69.62025316,ALSM1,vocab_c,93
274,pretest,69.62025316,ALSM1,pattern_c,100
275,posttest,82.77310924,ALSM1,list_sort_c,96
275,posttest,82.77310924,ALSM1,flanker_c,97
275,posttest,82.77310924,ALSM1,card_sort_c,112
275,posttest,82.77310924,ALSM1,vocab_c,114
275,posttest,82.77310924,ALSM1,pattern_c,124
275,pretest,77.21518987,ALSM1,list_sort_c,96
275,pretest,77.21518987,ALSM1,flanker_c,97
275,pretest,77.21518987,ALSM1,card_sort_c,112
275,pretest,77.21518987,ALSM1,vocab_c,114
275,pretest,77.21518987,ALSM1,pattern_c,124
276,posttest,91.59663866,ALSM1,list_sort_c,102
276,posttest,91.59663866,ALSM1,flanker_c,65
276,posttest,91.59663866,ALSM1,card_sort_c,85
276,posttest,91.59663866,ALSM1,vocab_c,95
276,posttest,91.59663866,ALSM1,pattern_c,80
276,pretest,84.81012658,ALSM1,list_sort_c,102
276,pretest,84.81012658,ALSM1,flanker_c,65
276,pretest,84.81012658,ALSM1,card_sort_c,85
276,pretest,84.81012658,ALSM1,vocab_c,95
276,pretest,84.81012658,ALSM1,pattern_c,80
277,posttest,87.81512605,ALSM1,list_sort_c,86
277,posttest,87.81512605,ALSM1,flanker_c,103
277,posttest,87.81512605,ALSM1,card_sort_c,125
277,posttest,87.81512605,ALSM1,vocab_c,118
277,posttest,87.81512605,ALSM1,pattern_c,136
277,pretest,82.27848101,ALSM1,list_sort_c,86
277,pretest,82.27848101,ALSM1,flanker_c,103
277,pretest,82.27848101,ALSM1,card_sort_c,125
277,pretest,82.27848101,ALSM1,vocab_c,118
277,pretest,82.27848101,ALSM1,pattern_c,136
278,posttest,88.23529412,ALSM1,list_sort_c,107
278,posttest,88.23529412,ALSM1,flanker_c,129
278,posttest,88.23529412,ALSM1,card_sort_c,124
278,posttest,88.23529412,ALSM1,vocab_c,120
278,posttest,88.23529412,ALSM1,pattern_c,129
278,pretest,84.81012658,ALSM1,list_sort_c,107
278,pretest,84.81012658,ALSM1,flanker_c,129
278,pretest,84.81012658,ALSM1,card_sort_c,124
278,pretest,84.81012658,ALSM1,vocab_c,120
278,pretest,84.81012658,ALSM1,pattern_c,129
279,posttest,84.45378151,ALSM1,list_sort_c,107
279,posttest,84.45378151,ALSM1,flanker_c,92
279,posttest,84.45378151,ALSM1,card_sort_c,90
279,posttest,84.45378151,ALSM1,vocab_c,119
279,posttest,84.45378151,ALSM1,pattern_c,107
279,pretest,86.07594937,ALSM1,list_sort_c,107
279,pretest,86.07594937,ALSM1,flanker_c,92
279,pretest,86.07594937,ALSM1,card_sort_c,90
279,pretest,86.07594937,ALSM1,vocab_c,119
279,pretest,86.07594937,ALSM1,pattern_c,107
280,posttest,83.19327731,ALSM1,list_sort_c,107
280,posttest,83.19327731,ALSM1,flanker_c,117
280,posttest,83.19327731,ALSM1,card_sort_c,122
280,posttest,83.19327731,ALSM1,vocab_c,93
280,posttest,83.19327731,ALSM1,pattern_c,117
280,pretest,77.21518987,ALSM1,list_sort_c,107
280,pretest,77.21518987,ALSM1,flanker_c,117
280,pretest,77.21518987,ALSM1,card_sort_c,122
280,pretest,77.21518987,ALSM1,vocab_c,93
280,pretest,77.21518987,ALSM1,pattern_c,117
